{
  "classes":2,
  "label2train":[
    [0, 0],
    [1, 1]],
  "label":[
    "background",
    "crack"],
  "palette":[
    [0,0,0],
    [255,0,0]],
  "mean":[
    123.358710,
    123.961784,
    124.433760],
  "std":[
    34.818443,
    34.609062,
    34.051000]
}
