{
  "classes":2,
  "label2train":[
    [0, 0],
    [1, 1]],
  "label":[
    "background",
    "crack"],
  "palette":[
    [0,0,0],
    [255,0,0]],
  "mean":[
    157.89119,
    153.94427,
    147.83209],
  "std":[
    20.305342,
    20.341606,
    20.305971]
}
